어휘,분류,난이도
가결,학습도구어,5
가결되다,학습도구어,5
가결하다,학습도구어,5
가능,학습도구어,2
가능성,학습도구어,3
가능하다,학습도구어,3
가변,학습도구어,5
가변성,학습도구어,5
가변적,학습도구어,5
가상,학습도구어,4
가상적,학습도구어,5
가설,학습도구어,4
가정,학습도구어,3
가정되다,학습도구어,4
가정하다,학습도구어,5
가중,학습도구어,5
가중되다,학습도구어,5
가중하다,학습도구어,5
각성,학습도구어,4
각성되다,학습도구어,5
각성하다,학습도구어,4
각오,학습도구어,3
각오하다,학습도구어,3
각인,학습도구어,5
각인되다,학습도구어,4
각인하다,학습도구어,5
각주,학습도구어,4
간격,학습도구어,3
간과,학습도구어,5
간과되다,학습도구어,5
간과하다,학습도구어,4
간략,학습도구어,3
간략하다,학습도구어,3
간략히,학습도구어,4
간섭,학습도구어,3
간섭하다,학습도구어,3
간접,학습도구어,3
간접적,학습도구어,2
간주되다,학습도구어,5
간주하다,학습도구어,4
간파,학습도구어,5
간파되다,학습도구어,5
간파하다,학습도구어,4
간행,학습도구어,4
간행되다,학습도구어,4
간행하다,학습도구어,3
간헐,학습도구어,5
간헐적,학습도구어,5
갈등,학습도구어,2
감각,학습도구어,2
감각적,학습도구어,3
감당,학습도구어,4
감당하다,학습도구어,3
감독,학습도구어,4
감독하다,학습도구어,4
감성,학습도구어,4
감성적,학습도구어,4
감소,학습도구어,3
감소되다,학습도구어,4
감소하다,학습도구어,4
감수성,학습도구어,4
감시,학습도구어,3
감시되다,학습도구어,4
감시하다,학습도구어,3
감안,학습도구어,5
감안되다,학습도구어,5
감안하다,학습도구어,4
감지,학습도구어,5
감지되다,학습도구어,5
감지하다,학습도구어,4
감축,학습도구어,5
감축되다,학습도구어,6
감축하다,학습도구어,5
강구,학습도구어,5
강구되다,학습도구어,5
강구하다,학습도구어,5
강박,학습도구어,5
강박적,학습도구어,5
강박하다,학습도구어,7
강압,학습도구어,4
강압되다,학습도구어,4
강압적,학습도구어,4
강압하다,학습도구어,5
강요,학습도구어,4
강요되다,학습도구어,4
강요받다,학습도구어,3
강요하다,학습도구어,3
강의,학습도구어,2
강의하다,학습도구어,3
강제,학습도구어,4
강제되다,학습도구어,4
강제력,학습도구어,5
강제성,학습도구어,4
강제적,학습도구어,3
강제하다,학습도구어,5
강조,학습도구어,3
강조되다,학습도구어,3
강조하다,학습도구어,2
강화,학습도구어,4
강화되다,학습도구어,3
강화하다,학습도구어,3
개관,학습도구어,5
개관되다,학습도구어,5
개관적,학습도구어,5
개관하다,학습도구어,4
개괄,학습도구어,5
개괄되다,학습도구어,6
개괄적,학습도구어,5
개괄하다,학습도구어,5
개념,학습도구어,3
개념적,학습도구어,3
개략,학습도구어,5
개략적,학습도구어,5
개략하다,학습도구어,6
개론,학습도구어,5
개론하다,학습도구어,5
개발,학습도구어,3
개발되다,학습도구어,3
개발하다,학습도구어,2
개방,학습도구어,3
개방되다,학습도구어,4
개방성,학습도구어,5
개방적,학습도구어,3
개방하다,학습도구어,4
개별,학습도구어,4
개별성,학습도구어,4
개별적,학습도구어,3
개선,학습도구어,3
개선되다,학습도구어,3
개선하다,학습도구어,3
개설,학습도구어,4
개설되다,학습도구어,5
개설하다,학습도구어,5
개성,학습도구어,2
개성적,학습도구어,3
개연성,학습도구어,5
개요,학습도구어,2
개입,학습도구어,4
개입되다,학습도구어,4
개입하다,학습도구어,4
개정,학습도구어,5
개정되다,학습도구어,6
개정하다,학습도구어,6
개진,학습도구어,6
개진하다01,학습도구어,6
개진하다02,학습도구어,5
개척,학습도구어,2
개척되다,학습도구어,3
개척자,학습도구어,4
개척지,학습도구어,6
개척하다,학습도구어,2
개체,학습도구어,5
개체적,학습도구어,5
개통,학습도구어,3
개통되다,학습도구어,3
개통하다,학습도구어,4
개편,학습도구어,4
개편되다,학습도구어,5
개편하다,학습도구어,4
개혁,학습도구어,4
개혁되다,학습도구어,4
개혁적,학습도구어,4
개혁하다,학습도구어,3
개화,학습도구어,5
개화되다,학습도구어,5
개화하다,학습도구어,5
객관,학습도구어,3
객관성,학습도구어,4
객관식,학습도구어,4
객관적,학습도구어,3
객관화,학습도구어,5
객관화되다,학습도구어,5
객관화하다,학습도구어,5
객체,학습도구어,5
갱신,학습도구어,5
갱신되다,학습도구어,6
갱신하다,학습도구어,5
거론,학습도구어,4
거론되다,학습도구어,5
거론하다,학습도구어,4
거부,학습도구어,4
거부하다,학습도구어,3
거시,학습도구어,5
건설,학습도구어,2
건설되다,학습도구어,3
건설적,학습도구어,3
건설하다,학습도구어,2
건의,학습도구어,4
건의되다,학습도구어,3
건의하다,학습도구어,4
검사,학습도구어,2
검사되다,학습도구어,4
검사하다,학습도구어,3
검색,학습도구어,4
검색하다,학습도구어,5
검열,학습도구어,4
검열되다,학습도구어,4
검열하다,학습도구어,3
검정,학습도구어,2
검정하다,학습도구어,3
검증,학습도구어,4
검증되다,학습도구어,5
검증하다,학습도구어,4
검토,학습도구어,3
검토되다,학습도구어,4
검토하다,학습도구어,3
격리,학습도구어,4
격리되다,학습도구어,5
격리하다,학습도구어,5
견제,학습도구어,5
견제되다,학습도구어,5
견제하다,학습도구어,4
견지,학습도구어,6
견지하다,학습도구어,5
견해,학습도구어,3
결과,학습도구어,1
결과적,학습도구어,2
결론,학습도구어,2
결론적,학습도구어,4
결말,학습도구어,3
결말나다,학습도구어,4
결말내다,학습도구어,4
결말짓다,학습도구어,4
결부,학습도구어,5
결부되다,학습도구어,4
결부하다,학습도구어,5
결성,학습도구어,4
결성되다,학습도구어,4
결성하다,학습도구어,4
결속,학습도구어,4
결속되다,학습도구어,5
결속력,학습도구어,4
결속하다,학습도구어,4
결여,학습도구어,4
결여되다,학습도구어,4
결여하다,학습도구어,5
결의,학습도구어,4
결의되다,학습도구어,5
결의하다,학습도구어,5
결정,학습도구어,2
결정되다,학습도구어,3
결정적,학습도구어,3
결정짓다,학습도구어,3
결정하다,학습도구어,3
결집,학습도구어,5
결집되다,학습도구어,5
결집하다,학습도구어,5
결핍,학습도구어,4
결핍되다,학습도구어,4
결핍하다,학습도구어,5
결합,학습도구어,4
결합되다,학습도구어,4
결합성,학습도구어,7
결합적,학습도구어,4
결합하다,학습도구어,3
경감되다,학습도구어,5
경감하다,학습도구어,4
경계,학습도구어,3
경계점,학습도구어,6
경계하다,학습도구어,3
경과,학습도구어,4
경로,학습도구어,4
경제,학습도구어,2
경제적,학습도구어,2
경향,학습도구어,3
경험,학습도구어,2
경험적,학습도구어,3
계기,학습도구어,3
계량,학습도구어,3
계량적,학습도구어,4
계량하다,학습도구어,3
계량화,학습도구어,6
계량화되다,학습도구어,5
계량화하다,학습도구어,6
계발,학습도구어,3
계발되다,학습도구어,4
계발하다,학습도구어,3
계속,학습도구어,2
계속되다,학습도구어,2
계속성,학습도구어,5
계속하다,학습도구어,3
계통,학습도구어,3
계통적,학습도구어,4
계획,학습도구어,2
계획되다,학습도구어,3
계획성,학습도구어,3
계획적,학습도구어,3
계획하다,학습도구어,3
계획화,학습도구어,5
고려,학습도구어,3
고려되다,학습도구어,4
고려하다,학습도구어,3
고수,학습도구어,5
고수되다,학습도구어,7
고수하다,학습도구어,4
고유,학습도구어,2
고유성,학습도구어,5
고유하다,학습도구어,2
고정,학습도구어,3
고정되다,학습도구어,4
고정적,학습도구어,4
고정화,학습도구어,4
고정화되다,학습도구어,6
고정화하다,학습도구어,5
고찰,학습도구어,5
고찰되다,학습도구어,5
고찰하다,학습도구어,5
공개,학습도구어,3
공개되다,학습도구어,4
공개적,학습도구어,3
공개하다,학습도구어,3
공급,학습도구어,2
공급되다,학습도구어,3
공급하다,학습도구어,3
공동,학습도구어,3
공동성,학습도구어,7
공동체,학습도구어,4
공식,학습도구어,4
공식적,학습도구어,3
공식화,학습도구어,5
공식화되다,학습도구어,5
공식화하다,학습도구어,5
공유,학습도구어,5
공유하다,학습도구어,5
공유화,학습도구어,6
공유화되다,학습도구어,6
공유화하다,학습도구어,6
공존,학습도구어,4
공존하다,학습도구어,4
공통,학습도구어,2
공통되다,학습도구어,3
공통성,학습도구어,5
공통적,학습도구어,3
공통점,학습도구어,2
과정,학습도구어,3
과제,학습도구어,3
과학,학습도구어,2
과학성,학습도구어,5
과학적,학습도구어,2
관계,학습도구어,1
관계되다,학습도구어,2
관계식,학습도구어,4
관계하다,학습도구어,2
관념,학습도구어,4
관념적,학습도구어,5
관련,학습도구어,2
관련되다,학습도구어,2
관련성,학습도구어,4
관련짓다,학습도구어,3
관련하다,학습도구어,3
관리,학습도구어,4
관리되다,학습도구어,4
관리하다,학습도구어,3
관심사,학습도구어,3
관여,학습도구어,5
관여하다,학습도구어,4
관점,학습도구어,2
관찰,학습도구어,2
관찰되다,학습도구어,3
관찰하다,학습도구어,2
관측,학습도구어,3
관측되다,학습도구어,4
관측하다,학습도구어,3
관통,학습도구어,4
관통되다,학습도구어,4
관통하다,학습도구어,3
광범위,학습도구어,4
광범위하다,학습도구어,3
교육적,학습도구어,3
교환,학습도구어,2
교환되다,학습도구어,3
교환하다,학습도구어,3
구별,학습도구어,2
구별되다,학습도구어,3
구별하다,학습도구어,2
구분,학습도구어,3
구분되다,학습도구어,3
구분하다,학습도구어,3
구상,학습도구어,4
구상성,학습도구어,6
구상적,학습도구어,6
구상하다,학습도구어,3
구상화되다,학습도구어,6
구상화하다,학습도구어,5
구성,학습도구어,3
구성되다,학습도구어,3
구성원,학습도구어,2
구성체,학습도구어,5
구성하다,학습도구어,3
구역,학습도구어,3
구조,학습도구어,4
구조물,학습도구어,3
구조성,학습도구어,7
구조적,학습도구어,5
구조화,학습도구어,5
구조화되다,학습도구어,6
구조화하다,학습도구어,5
구체,학습도구어,4
구체성,학습도구어,5
구체적,학습도구어,3
구체화,학습도구어,5
구체화되다,학습도구어,4
구체화하다,학습도구어,5
구축,학습도구어,5
구축되다,학습도구어,5
구축하다,학습도구어,4
구현,학습도구어,5
구현되다,학습도구어,5
구현하다,학습도구어,5
국면,학습도구어,5
궁극,학습도구어,4
궁극적,학습도구어,3
귀결,학습도구어,4
귀결되다,학습도구어,5
귀결하다,학습도구어,5
규명,학습도구어,5
규명되다,학습도구어,5
규명하다,학습도구어,4
규범,학습도구어,3
규범적,학습도구어,4
규범화,학습도구어,6
규정,학습도구어,4
규정되다,학습도구어,4
규정성,학습도구어,6
규정짓다,학습도구어,5
규정하다,학습도구어,3
규제,학습도구어,4
규제되다,학습도구어,5
규제하다,학습도구어,4
규칙,학습도구어,2
규칙성,학습도구어,5
규칙적,학습도구어,2
규칙화,학습도구어,7
규칙화되다,학습도구어,7
규칙화하다,학습도구어,7
균형,학습도구어,3
균형적,학습도구어,4
극단,학습도구어,4
극단적,학습도구어,3
극대,학습도구어,4
극대화,학습도구어,4
극대화하다,학습도구어,5
극복,학습도구어,3
극복되다,학습도구어,3
극복하다,학습도구어,2
근거,학습도구어,2
근거하다,학습도구어,3
근본,학습도구어,3
근본적,학습도구어,3
근원,학습도구어,3
근원적,학습도구어,5
근접,학습도구어,5
근접되다,학습도구어,5
근접하다,학습도구어,4
급격,학습도구어,3
급격하다,학습도구어,3
급속,학습도구어,4
급속하다,학습도구어,3
급진,학습도구어,4
급진적,학습도구어,3
긍정,학습도구어,4
긍정되다,학습도구어,4
긍정성,학습도구어,6
긍정적,학습도구어,3
긍정하다,학습도구어,4
기각되다,학습도구어,5
기각하다,학습도구어,5
기구,학습도구어,3
기능,학습도구어,4
기능성,학습도구어,5
기능적,학습도구어,5
기대,학습도구어,2
기대되다,학습도구어,2
기대하다,학습도구어,2
기록,학습도구어,2
기록적,학습도구어,3
기록화,학습도구어,4
기반,학습도구어,3
기법,학습도구어,3
기본,학습도구어,2
기본적,학습도구어,3
기술01,학습도구어,4
기술02,학습도구어,5
기술되다,학습도구어,4
기술하다,학습도구어,4
기억,학습도구어,1
기억되다,학습도구어,2
기억하다,학습도구어,2
기여,학습도구어,4
기여하다,학습도구어,3
기원01,학습도구어,4
기원02,학습도구어,4
기원하다,학습도구어,3
기인,학습도구어,5
기인되다,학습도구어,5
기인하다,학습도구어,4
기저,학습도구어,5
기제,학습도구어,5
기존,학습도구어,3
기준,학습도구어,2
기준점,학습도구어,3
기초,학습도구어,2
기초적,학습도구어,4
기초하다,학습도구어,3
기타,학습도구어,3
기호,학습도구어,3
긴밀,학습도구어,4
긴밀하다,학습도구어,4
나열,학습도구어,4
나열되다,학습도구어,4
나열하다,학습도구어,3
난점,학습도구어,5
내면,학습도구어,4
내면적,학습도구어,3
내면화,학습도구어,4
내면화되다,학습도구어,4
내면화하다,학습도구어,4
내부,학습도구어,2
내부적,학습도구어,3
내외,학습도구어,2
내용,학습도구어,1
내용물,학습도구어,2
내재,학습도구어,5
내재되다,학습도구어,6
내재성,학습도구어,6
내재적,학습도구어,5
내재하다,학습도구어,6
내적,학습도구어,4
내포,학습도구어,4
내포되다,학습도구어,4
내포하다,학습도구어,4
노출,학습도구어,3
노출되다,학습도구어,3
노출하다,학습도구어,3
논거,학습도구어,4
논란,학습도구어,5
논리,학습도구어,4
논리성,학습도구어,5
논문,학습도구어,3
논술,학습도구어,4
논술되다,학습도구어,5
논술하다,학습도구어,4
논의,학습도구어,4
논의되다,학습도구어,4
논의하다,학습도구어,3
논쟁,학습도구어,3
논쟁적,학습도구어,4
논점,학습도구어,5
논증,학습도구어,4
논증되다,학습도구어,5
논증적,학습도구어,6
논증하다,학습도구어,4
논지,학습도구어,4
논하다,학습도구어,4
누적,학습도구어,4
누적되다,학습도구어,4
누적하다,학습도구어,6
능동,학습도구어,4
능동성,학습도구어,4
능동적,학습도구어,3
다소,학습도구어,3
다양,학습도구어,3
다양성,학습도구어,3
다양하다,학습도구어,2
다양화,학습도구어,5
다양화되다,학습도구어,5
다양화하다,학습도구어,5
단계,학습도구어,3
단계성,학습도구어,7
단계적,학습도구어,3
단기간,학습도구어,4
단면,학습도구어,3
단면도,학습도구어,3
단서,학습도구어,4
단순,학습도구어,2
단순성,학습도구어,5
단순하다,학습도구어,2
단순화,학습도구어,4
단순화되다,학습도구어,5
단순화하다,학습도구어,5
단언,학습도구어,4
단언하다,학습도구어,4
단위,학습도구어,3
단일,학습도구어,3
단일화,학습도구어,4
단일화되다,학습도구어,5
단일화하다,학습도구어,5
단적,학습도구어,4
단절,학습도구어,4
단절되다,학습도구어,5
단절하다,학습도구어,4
단점,학습도구어,3
단정되다,학습도구어,5
단정적,학습도구어,4
달성,학습도구어,4
달성되다,학습도구어,3
달성하다,학습도구어,3
담당,학습도구어,4
담당하다,학습도구어,3
대규모,학습도구어,3
대두,학습도구어,5
대두되다,학습도구어,4
대두하다,학습도구어,5
대등,학습도구어,4
대등하다,학습도구어,4
대략,학습도구어,3
대략적,학습도구어,4
대립,학습도구어,3
대립되다,학습도구어,3
대립성,학습도구어,6
대립적,학습도구어,4
대변,학습도구어,5
대변하다,학습도구어,4
대별,학습도구어,5
대별되다,학습도구어,5
대별하다,학습도구어,5
대비,학습도구어,3
대비되다,학습도구어,4
대비하다,학습도구어,3
대상,학습도구어,4
대상물,학습도구어,5
대상자,학습도구어,4
대상화되다,학습도구어,6
대상화하다,학습도구어,5
대신,학습도구어,3
대신하다,학습도구어,2
대안,학습도구어,5
대응,학습도구어,3
대응되다,학습도구어,5
대응하다,학습도구어,3
대조,학습도구어,3
대조되다,학습도구어,2
대조적,학습도구어,3
대조하다,학습도구어,3
대책,학습도구어,2
대처,학습도구어,4
대처하다,학습도구어,3
대체,학습도구어,4
대체되다,학습도구어,5
대체적,학습도구어,3
대체하다,학습도구어,4
대치,학습도구어,5
대치되다,학습도구어,5
대치하다,학습도구어,4
대폭,학습도구어,4
대폭적,학습도구어,5
대표,학습도구어,2
대표성,학습도구어,5
대표적,학습도구어,2
대표하다,학습도구어,3
도구,학습도구어,2
도달,학습도구어,4
도달되다,학습도구어,3
도달하다,학습도구어,3
도모,학습도구어,3
도모하다,학습도구어,4
도식,학습도구어,5
도식화,학습도구어,5
도식화되다,학습도구어,6
도식화하다,학습도구어,5
도입,학습도구어,3
도입되다,학습도구어,4
도입하다,학습도구어,4
도출,학습도구어,5
도출되다,학습도구어,5
도출하다,학습도구어,5
도표,학습도구어,3
독립,학습도구어,4
독립성,학습도구어,4
독립적,학습도구어,3
독자,학습도구어,4
독자성,학습도구어,5
독자적,학습도구어,3
독창,학습도구어,4
독창성,학습도구어,4
독창적,학습도구어,3
독특,학습도구어,3
독특성,학습도구어,5
독특하다,학습도구어,2
동등,학습도구어,4
동등하다,학습도구어,4
동시적,학습도구어,2
동원,학습도구어,4
동원되다,학습도구어,3
동원하다,학습도구어,3
동의,학습도구어,4
동의하다,학습도구어,3
동일,학습도구어,4
동일성,학습도구어,5
동일시,학습도구어,4
동일시되다,학습도구어,5
동일시하다,학습도구어,5
동일하다,학습도구어,3
동일화,학습도구어,5
동적,학습도구어,5
동질,학습도구어,5
동질성,학습도구어,4
동질적,학습도구어,5
동질화,학습도구어,4
동질화되다,학습도구어,5
동질화하다,학습도구어,5
동화,학습도구어,5
동화되다,학습도구어,4
동화하다,학습도구어,5
등장,학습도구어,2
등장하다,학습도구어,3
매개,학습도구어,4
매개체,학습도구어,5
매개하다,학습도구어,5
맥락,학습도구어,4
명료,학습도구어,4
명료성,학습도구어,5
명료하다,학습도구어,4
명명,학습도구어,4
명명되다,학습도구어,5
명명하다,학습도구어,4
명백,학습도구어,2
명백성,학습도구어,4
명백하다,학습도구어,2
명시,학습도구어,5
명시되다,학습도구어,5
명시성,학습도구어,7
명시적,학습도구어,5
명시하다,학습도구어,4
명확,학습도구어,4
명확성,학습도구어,4
명확하다,학습도구어,4
모범,학습도구어,3
모범적,학습도구어,3
모순,학습도구어,3
모순되다,학습도구어,4
모순성,학습도구어,5
모순적,학습도구어,4
모형,학습도구어,3
모형화,학습도구어,7
모호,학습도구어,4
모호성,학습도구어,5
모호하다,학습도구어,4
목록,학습도구어,2
목적,학습도구어,2
목적성,학습도구어,5
목차,학습도구어,4
목표,학습도구어,2
무관,학습도구어,4
무관하다,학습도구어,4
무분별,학습도구어,5
무분별하다,학습도구어,4
무비판,학습도구어,5
무비판적,학습도구어,5
무시,학습도구어,3
무시되다,학습도구어,3
무시하다,학습도구어,2
무의미,학습도구어,4
무의미하다,학습도구어,4
무의식,학습도구어,4
무의식적,학습도구어,4
무작위,학습도구어,5
무조건적,학습도구어,3
무질서,학습도구어,3
무질서하다,학습도구어,3
무한,학습도구어,4
무한성,학습도구어,5
무한정,학습도구어,4
무한하다,학습도구어,3
무형,학습도구어,3
문제점,학습도구어,2
문제화,학습도구어,4
문제화하다,학습도구어,4
문헌,학습도구어,4
물질,학습도구어,2
물질적,학습도구어,3
미세,학습도구어,4
미세하다,학습도구어,4
미시,학습도구어,5
미시적,학습도구어,5
미흡,학습도구어,5
미흡하다,학습도구어,4
밀접,학습도구어,4
밀접하다,학습도구어,3
반대,학습도구어,2
반대되다,학습도구어,3
반대하다,학습도구어,2
반론,학습도구어,5
반면,학습도구어,3
반문,학습도구어,4
반문하다,학습도구어,3
반박,학습도구어,5
반박되다,학습도구어,5
반박하다,학습도구어,4
반복,학습도구어,3
반복되다,학습도구어,2
반복하다,학습도구어,2
반영,학습도구어,4
반영되다,학습도구어,3
반영하다,학습도구어,3
반응,학습도구어,2
반응성,학습도구어,5
반응하다,학습도구어,3
발견,학습도구어,2
발견되다,학습도구어,2
발견하다,학습도구어,1
발달,학습도구어,2
발달되다,학습도구어,3
발달하다,학습도구어,2
발생,학습도구어,3
발생되다,학습도구어,3
발생적,학습도구어,3
발생하다,학습도구어,2
발전,학습도구어,3
발전되다,학습도구어,3
발전상,학습도구어,3
발전성,학습도구어,5
발전적,학습도구어,4
발표,학습도구어,2
발표되다,학습도구어,3
발표하다,학습도구어,2
발휘,학습도구어,3
발휘되다,학습도구어,3
발휘하다,학습도구어,2
방법,학습도구어,1
방식,학습도구어,2
방안,학습도구어,4
방어,학습도구어,4
방어적,학습도구어,3
방어하다,학습도구어,3
방지,학습도구어,3
방지되다,학습도구어,4
방지하다,학습도구어,3
방향,학습도구어,1
배경,학습도구어,2
배열,학습도구어,4
배열되다,학습도구어,4
배열하다,학습도구어,4
배제,학습도구어,5
배제되다,학습도구어,5
배제하다,학습도구어,4
배치,학습도구어,5
배치되다,학습도구어,3
배치하다,학습도구어,3
배타,학습도구어,5
배타성,학습도구어,5
배타적,학습도구어,4
배타하다,학습도구어,5
범위,학습도구어,3
범주,학습도구어,4
법칙,학습도구어,3
변경,학습도구어,3
변경되다,학습도구어,4
변경하다,학습도구어,4
변동,학습도구어,3
변동되다,학습도구어,4
변동성,학습도구어,6
변동하다,학습도구어,4
변별,학습도구어,5
변별되다,학습도구어,5
변별력,학습도구어,6
변별성,학습도구어,4
변별하다,학습도구어,4
변수,학습도구어,5
변인,학습도구어,5
변천,학습도구어,4
변천되다,학습도구어,5
변천하다,학습도구어,4
변형,학습도구어,3
변형되다,학습도구어,4
변형하다,학습도구어,4
변화,학습도구어,2
변화되다,학습도구어,2
변화하다,학습도구어,2
변환,학습도구어,5
변환하다,학습도구어,5
별개,학습도구어,3
별도,학습도구어,3
병행,학습도구어,4
병행되다,학습도구어,5
병행하다,학습도구어,5
보고,학습도구어,2
보고되다,학습도구어,3
보고하다,학습도구어,3
보관,학습도구어,3
보관되다,학습도구어,3
보관하다,학습도구어,3
보급,학습도구어,3
보급되다,학습도구어,3
보급하다,학습도구어,3
보수,학습도구어,4
보수성,학습도구어,5
보수적,학습도구어,3
보완,학습도구어,4
보완되다,학습도구어,5
보완하다,학습도구어,4
보유,학습도구어,4
보유되다,학습도구어,4
보유하다,학습도구어,3
보장,학습도구어,4
보장되다,학습도구어,4
보장하다,학습도구어,4
보조,학습도구어,3
보조적,학습도구어,4
보조화,학습도구어,6
보존,학습도구어,2
보존되다,학습도구어,3
보존하다,학습도구어,2
보충,학습도구어,4
보충되다,학습도구어,4
보충적,학습도구어,4
보충하다,학습도구어,3
보편,학습도구어,4
보편성,학습도구어,4
보편적,학습도구어,3
보편화,학습도구어,4
보편화되다,학습도구어,4
보편화하다,학습도구어,5
보호,학습도구어,2
보호되다,학습도구어,3
보호하다,학습도구어,2
복잡,학습도구어,2
복잡성,학습도구어,5
복잡하다,학습도구어,2
복합,학습도구어,4
복합적,학습도구어,4
복합체,학습도구어,5
본격,학습도구어,4
본격적,학습도구어,3
본격화,학습도구어,5
본격화되다,학습도구어,5
본격화하다,학습도구어,5
본론,학습도구어,4
본문,학습도구어,3
본질,학습도구어,4
본질적,학습도구어,5
봉착,학습도구어,5
봉착되다,학습도구어,6
봉착하다,학습도구어,5
부가,학습도구어,4
부가되다,학습도구어,5
부가적,학습도구어,5
부가하다,학습도구어,5
부각,학습도구어,5
부각되다,학습도구어,4
부각하다,학습도구어,5
부록,학습도구어,4
부분,학습도구어,1
부분적,학습도구어,2
부속,학습도구어,5
부속되다,학습도구어,4
부수,학습도구어,5
부수적,학습도구어,4
부여,학습도구어,2
부여되다,학습도구어,3
부여하다,학습도구어,3
부응,학습도구어,5
부응하다,학습도구어,5
부인,학습도구어,4
부인되다,학습도구어,4
부인하다,학습도구어,3
부작용,학습도구어,3
부재,학습도구어,3
부재하다,학습도구어,4
부정,학습도구어,2
부정되다,학습도구어,3
부정성,학습도구어,6
부정적,학습도구어,2
부정하다,학습도구어,3
부조화,학습도구어,5
부조화하다,학습도구어,6
부족,학습도구어,2
부족하다,학습도구어,1
부주의,학습도구어,3
부주의하다,학습도구어,4
부합,학습도구어,6
부합되다,학습도구어,4
부합하다,학습도구어,4
부호,학습도구어,2
분류,학습도구어,2
분류되다,학습도구어,3
분류하다,학습도구어,3
분리,학습도구어,3
분리되다,학습도구어,4
분리하다,학습도구어,4
분명,학습도구어,2
분명하다,학습도구어,2
분별,학습도구어,4
분별력,학습도구어,4
분별하다,학습도구어,3
분산,학습도구어,4
분산되다,학습도구어,5
분산하다,학습도구어,5
분석,학습도구어,4
분석되다,학습도구어,3
분석력,학습도구어,5
분석적,학습도구어,3
분석하다,학습도구어,4
분야,학습도구어,2
분포,학습도구어,3
분할되다,학습도구어,5
분할하다,학습도구어,4
분화,학습도구어,4
분화되다,학습도구어,4
분화하다,학습도구어,5
불가능성,학습도구어,5
불가능하다,학습도구어,3
불가피,학습도구어,4
불가피성,학습도구어,5
불가피하다,학습도구어,4
불과하다,학습도구어,3
불규칙,학습도구어,3
불규칙성,학습도구어,6
불규칙하다,학습도구어,2
불균형,학습도구어,4
불균형적,학습도구어,5
불명확,학습도구어,4
불명확성,학습도구어,4
불명확하다,학습도구어,4
불변,학습도구어,4
불변성,학습도구어,5
불변하다,학습도구어,3
불일치,학습도구어,4
불일치하다,학습도구어,5
불충분하다,학습도구어,5
불특정,학습도구어,5
불합리성,학습도구어,5
불합리적,학습도구어,4
비공개,학습도구어,5
비공개적,학습도구어,4
비과학적,학습도구어,4
비교,학습도구어,2
비교되다,학습도구어,2
비교적,학습도구어,3
비교하다,학습도구어,2
비논리적,학습도구어,5
비례,학습도구어,3
비례적,학습도구어,4
비례하다,학습도구어,3
비약,학습도구어,4
비약적,학습도구어,4
비율,학습도구어,3
비판,학습도구어,2
비판되다,학습도구어,3
비판적,학습도구어,3
비판하다,학습도구어,4
비합리성,학습도구어,5
비합리적,학습도구어,5
빈도,학습도구어,4
빈번,학습도구어,4
빈번하다,학습도구어,4
사고,학습도구어,3
사고력,학습도구어,4
사고하다,학습도구어,4
사례,학습도구어,4
사료,학습도구어,6
사료되다,학습도구어,5
사료하다,학습도구어,6
사물,학습도구어,2
사상,학습도구어,4
사상성,학습도구어,4
사상적,학습도구어,3
사실,학습도구어,1
사실상,학습도구어,3
사안,학습도구어,5
사적,학습도구어,4
사전,학습도구어,4
사정,학습도구어,5
사태,학습도구어,3
사항,학습도구어,2
사회,학습도구어,2
사회성,학습도구어,4
사회적,학습도구어,2
사후,학습도구어,5
삭제,학습도구어,4
삭제되다,학습도구어,5
삭제하다,학습도구어,5
산출,학습도구어,6
산출되다,학습도구어,4
산출하다,학습도구어,4
삼차,학습도구어,5
삼차원,학습도구어,4
삽입,학습도구어,5
삽입되다,학습도구어,5
삽입하다,학습도구어,5
상관,학습도구어,2
상관성,학습도구어,4
상관없다,학습도구어,2
상관있다,학습도구어,3
상관적,학습도구어,3
상기,학습도구어,5
상기되다,학습도구어,3
상기하다,학습도구어,4
상당,학습도구어,3
상당수,학습도구어,4
상당하다,학습도구어,4
상대,학습도구어,3
상대성,학습도구어,4
상대적,학습도구어,3
상반,학습도구어,5
상반되다,학습도구어,4
상부,학습도구어,4
상상,학습도구어,2
상상되다,학습도구어,3
상상력,학습도구어,3
상상적,학습도구어,3
상상하다,학습도구어,2
상세,학습도구어,3
상세하다,학습도구어,3
상술,학습도구어,6
상술하다,학습도구어,5
상승,학습도구어,4
상승되다,학습도구어,5
상승하다,학습도구어,4
상실,학습도구어,4
상실되다,학습도구어,5
상실하다,학습도구어,4
상위,학습도구어,4
상응,학습도구어,5
상응되다,학습도구어,6
상응하다,학습도구어,5
상이,학습도구어,5
상이하다,학습도구어,5
상정되다,학습도구어,5
상정하다,학습도구어,5
상징,학습도구어,2
상징되다,학습도구어,3
상징성,학습도구어,5
상징적,학습도구어,3
상징하다,학습도구어,4
상징화,학습도구어,5
상징화되다,학습도구어,6
상징화하다,학습도구어,5
상충,학습도구어,5
상충되다,학습도구어,4
상충하다,학습도구어,5
상통,학습도구어,6
상통되다,학습도구어,5
상통하다,학습도구어,5
상호,학습도구어,3
상황,학습도구어,4
생략,학습도구어,2
생략되다,학습도구어,3
생략하다,학습도구어,2
생산,학습도구어,2
생산되다,학습도구어,2
생산성,학습도구어,4
생산적,학습도구어,2
생산하다,학습도구어,2
생성,학습도구어,4
생성되다,학습도구어,5
생성하다,학습도구어,5
서론,학습도구어,4
서술,학습도구어,4
서술되다,학습도구어,4
서술성,학습도구어,5
서술하다,학습도구어,4
선정,학습도구어,3
선정되다,학습도구어,3
선정하다,학습도구어,2
선택,학습도구어,2
선택되다,학습도구어,3
선택적,학습도구어,3
선택하다,학습도구어,2
선행,학습도구어,5
선행되다,학습도구어,5
선행하다,학습도구어,5
선호,학습도구어,4
선호하다,학습도구어,4
설계,학습도구어,3
설계되다,학습도구어,4
설계하다,학습도구어,3
설득,학습도구어,2
설득되다,학습도구어,3
설득력,학습도구어,2
설득하다,학습도구어,2
설명,학습도구어,2
설명되다,학습도구어,2
설명적,학습도구어,2
설명하다,학습도구어,2
설문,학습도구어,3
설정,학습도구어,4
설정되다,학습도구어,4
설정하다,학습도구어,4
설치,학습도구어,3
설치되다,학습도구어,3
설치하다,학습도구어,2
성격,학습도구어,1
성격적,학습도구어,2
성공,학습도구어,2
성공적,학습도구어,3
성공하다,학습도구어,2
성과,학습도구어,2
성립,학습도구어,2
성립되다,학습도구어,3
성립하다,학습도구어,3
성분,학습도구어,3
성장,학습도구어,2
성장되다,학습도구어,4
성장하다,학습도구어,2
성질,학습도구어,2
성취,학습도구어,4
성취되다,학습도구어,4
성취하다,학습도구어,3
성향,학습도구어,4
세기,학습도구어,3
세부,학습도구어,2
세부적,학습도구어,3
세분,학습도구어,4
세분되다,학습도구어,5
세분하다,학습도구어,4
세분화,학습도구어,4
세분화되다,학습도구어,5
세분화하다,학습도구어,5
소개,학습도구어,1
소개되다,학습도구어,2
소개하다,학습도구어,2
소극,학습도구어,4
소극성,학습도구어,7
소극적,학습도구어,3
소비,학습도구어,2
소비되다,학습도구어,3
소비하다,학습도구어,3
소요,학습도구어,4
소요되다,학습도구어,5
소요하다,학습도구어,4
소위,학습도구어,3
소유,학습도구어,4
소유되다,학습도구어,4
소유하다,학습도구어,3
소재,학습도구어,2
소통,학습도구어,4
속성,학습도구어,4
수단,학습도구어,2
수단화,학습도구어,6
수동,학습도구어,5
수동성,학습도구어,5
수렴,학습도구어,5
수렴되다,학습도구어,5
수렴하다,학습도구어,5
수립,학습도구어,3
수립되다,학습도구어,4
수립하다,학습도구어,3
수반,학습도구어,4
수반되다,학습도구어,4
수반하다,학습도구어,5
수용,학습도구어,4
수용되다,학습도구어,4
수용적,학습도구어,5
수용하다,학습도구어,4
수정,학습도구어,4
수정하다,학습도구어,3
수준,학습도구어,2
수집하다,학습도구어,3
수행,학습도구어,4
수행되다,학습도구어,4
수행하다,학습도구어,3
숙고,학습도구어,4
숙고하다,학습도구어,4
순환,학습도구어,3
시각,학습도구어,4
시기,학습도구어,2
시기적,학습도구어,3
시대,학습도구어,3
시대상,학습도구어,5
시대적,학습도구어,3
시도,학습도구어,3
시도되다,학습도구어,4
시도하다,학습도구어,3
시사적,학습도구어,5
시사점,학습도구어,6
시사하다,학습도구어,4
시작,학습도구어,1
시작점,학습도구어,4
시점,학습도구어,4
시행,학습도구어,4
시행되다,학습도구어,4
시행하다,학습도구어,3
신뢰,학습도구어,4
신뢰도,학습도구어,5
신뢰성,학습도구어,4
신뢰하다,학습도구어,4
신속,학습도구어,3
신속성,학습도구어,4
신속하다,학습도구어,3
신장,학습도구어,5
신장되다,학습도구어,4
신장하다,학습도구어,5
실례,학습도구어,4
실시,학습도구어,3
실시되다,학습도구어,3
실시하다,학습도구어,2
실용,학습도구어,4
실용성,학습도구어,3
실용적,학습도구어,3
실재,학습도구어,4
실재적,학습도구어,5
실재하다,학습도구어,4
실정,학습도구어,3
실제,학습도구어,3
실제로,학습도구어,2
실증,학습도구어,5
실증되다,학습도구어,5
실증성,학습도구어,5
실증적,학습도구어,5
실증하다,학습도구어,5
실질,학습도구어,3
실질적,학습도구어,3
실천,학습도구어,2
실천되다,학습도구어,3
실천성,학습도구어,5
실천적,학습도구어,3
실천하다,학습도구어,3
실체,학습도구어,3
실체화,학습도구어,5
실태,학습도구어,4
실패,학습도구어,2
실패하다,학습도구어,2
실행,학습도구어,3
실행되다,학습도구어,4
실행하다,학습도구어,3
실험,학습도구어,2
실험적,학습도구어,3
실험하다,학습도구어,3
실현,학습도구어,3
실현되다,학습도구어,3
실현성,학습도구어,5
실현하다,학습도구어,3
심각,학습도구어,2
심각성,학습도구어,5
심각하다,학습도구어,2
심도,학습도구어,5
심리,학습도구어,4
심리적,학습도구어,3
심층,학습도구어,5
심화,학습도구어,5
심화되다,학습도구어,4
심화하다,학습도구어,5
안정,학습도구어,3
안정되다,학습도구어,3
안정성,학습도구어,5
안정적,학습도구어,3
안정화,학습도구어,5
안정화되다,학습도구어,6
안정화하다,학습도구어,5
암묵,학습도구어,6
암묵적,학습도구어,5
암시,학습도구어,4
암시되다,학습도구어,5
암시성,학습도구어,6
암시하다,학습도구어,4
압축,학습도구어,4
압축되다,학습도구어,4
압축성,학습도구어,7
압축하다,학습도구어,4
애매,학습도구어,4
애매성,학습도구어,5
애매하다,학습도구어,3
야기,학습도구어,5
야기되다,학습도구어,5
야기하다,학습도구어,5
약화,학습도구어,4
약화되다,학습도구어,5
양극,학습도구어,4
양극화,학습도구어,5
양극화되다,학습도구어,5
양극화하다,학습도구어,6
양상,학습도구어,4
양식,학습도구어,4
양적,학습도구어,4
양태,학습도구어,5
억제,학습도구어,4
억제되다,학습도구어,4
억제하다,학습도구어,3
언급,학습도구어,4
언급되다,학습도구어,5
언급하다,학습도구어,4
언어,학습도구어,2
엄밀,학습도구어,4
엄밀성,학습도구어,5
엄밀하다,학습도구어,4
여건,학습도구어,4
여부,학습도구어,4
여지,학습도구어,4
역동적,학습도구어,5
역사,학습도구어,2
역사적,학습도구어,3
역설,학습도구어,4
역설적,학습도구어,4
역설하다,학습도구어,3
역점,학습도구어,5
연결,학습도구어,2
연결되다,학습도구어,2
연결하다,학습도구어,3
연계,학습도구어,5
연계되다,학습도구어,5
연계성,학습도구어,5
연계하다,학습도구어,5
연관,학습도구어,4
연관되다,학습도구어,3
연관성,학습도구어,4
연구,학습도구어,2
연구되다,학습도구어,2
연구하다,학습도구어,2
연속,학습도구어,3
연속성,학습도구어,4
연속적,학습도구어,3
연속체,학습도구어,5
연속하다,학습도구어,3
연쇄,학습도구어,4
연쇄적,학습도구어,4
연장,학습도구어,3
연장되다,학습도구어,4
연장하다,학습도구어,3
연합,학습도구어,3
연합되다,학습도구어,4
연합하다,학습도구어,3
열거,학습도구어,4
열거되다,학습도구어,4
열거하다,학습도구어,4
영역,학습도구어,3
영향,학습도구어,3
영향력,학습도구어,4
예상,학습도구어,3
예상되다,학습도구어,3
예상하다,학습도구어,3
예시,학습도구어,4
예시되다,학습도구어,5
예시하다,학습도구어,4
예외,학습도구어,2
예외적,학습도구어,3
예측,학습도구어,4
예측되다,학습도구어,5
예측하다,학습도구어,4
오류,학습도구어,3
완결,학습도구어,4
완결되다,학습도구어,4
완결하다,학습도구어,4
완료,학습도구어,4
완료되다,학습도구어,4
완료하다,학습도구어,4
완벽,학습도구어,3
완벽성,학습도구어,5
완벽하다,학습도구어,2
완성,학습도구어,2
완성되다,학습도구어,2
완성하다,학습도구어,2
완전,학습도구어,2
완전하다,학습도구어,2
왜곡,학습도구어,4
왜곡되다,학습도구어,4
왜곡하다,학습도구어,5
외부,학습도구어,3
외부적,학습도구어,4
외적,학습도구어,4
요건,학습도구어,4
요구,학습도구어,2
요구되다,학습도구어,3
요구하다,학습도구어,3
요소,학습도구어,3
요약,학습도구어,3
요약되다,학습도구어,3
요약하다,학습도구어,2
요인,학습도구어,4
요점,학습도구어,3
요청,학습도구어,3
요청되다,학습도구어,3
요청하다,학습도구어,4
욕구,학습도구어,4
용어,학습도구어,4
용이,학습도구어,3
용이하다,학습도구어,3
우려,학습도구어,3
우려되다,학습도구어,4
우려하다,학습도구어,4
우선시,학습도구어,6
우선시하다,학습도구어,6
우선적,학습도구어,2
우선하다,학습도구어,2
우세,학습도구어,4
우세하다,학습도구어,3
우수,학습도구어,4
우수하다,학습도구어,3
운영,학습도구어,3
운영되다,학습도구어,4
운영하다,학습도구어,3
운용,학습도구어,5
운용되다,학습도구어,5
운용하다,학습도구어,5
원리,학습도구어,3
원인,학습도구어,2
원천,학습도구어,3
원천적,학습도구어,4
원칙,학습도구어,2
원칙적,학습도구어,3
원활,학습도구어,5
원활하다,학습도구어,4
위계,학습도구어,5
위대,학습도구어,2
위대하다,학습도구어,2
위상,학습도구어,5
위치,학습도구어,2
위치하다,학습도구어,3
유관,학습도구어,5
유관하다,학습도구어,5
유기,학습도구어,5
유기성,학습도구어,5
유기적,학습도구어,5
유도,학습도구어,4
유도되다,학습도구어,5
유도하다,학습도구어,4
유동,학습도구어,5
유동성,학습도구어,5
유동적,학습도구어,4
유래,학습도구어,3
유래되다,학습도구어,4
유래하다,학습도구어,3
유리01,학습도구어,4
유리02,학습도구어,5
유리되다,학습도구어,5
유리하다,학습도구어,3
유무,학습도구어,4
유발,학습도구어,4
유발되다,학습도구어,5
유발하다,학습도구어,4
유사,학습도구어,3
유사성,학습도구어,4
유사점,학습도구어,4
유사하다,학습도구어,3
유용,학습도구어,4
유용하다,학습도구어,3
유의,학습도구어,4
유의미,학습도구어,4
유의미하다,학습도구어,4
유의하다,학습도구어,4
유일,학습도구어,4
유일하다,학습도구어,3
유지,학습도구어,3
유지되다,학습도구어,3
유지하다,학습도구어,2
유추,학습도구어,4
유추되다,학습도구어,5
유추하다,학습도구어,4
유한,학습도구어,5
유한하다,학습도구어,4
유형01,학습도구어,5
유형02,학습도구어,3
유형물,학습도구어,5
유형성,학습도구어,7
유효,학습도구어,4
유효하다,학습도구어,4
응용,학습도구어,4
응용되다,학습도구어,4
응용하다,학습도구어,3
의거,학습도구어,5
의거하다,학습도구어,5
의도,학습도구어,2
의도적,학습도구어,3
의도하다,학습도구어,3
의문,학습도구어,3
의문점,학습도구어,3
의미,학습도구어,1
의미하다,학습도구어,2
의사,학습도구어,2
의사소통,학습도구어,4
의식,학습도구어,3
의식되다,학습도구어,2
의식적,학습도구어,2
의식하다,학습도구어,2
의식화,학습도구어,5
의식화되다,학습도구어,5
의식화하다,학습도구어,5
의의,학습도구어,2
의존,학습도구어,3
의존되다,학습도구어,4
의존성,학습도구어,4
의존적,학습도구어,4
의존하다,학습도구어,3
의지,학습도구어,4
의지하다,학습도구어,4
이동,학습도구어,3
이동되다,학습도구어,3
이동성,학습도구어,5
이동하다,학습도구어,2
이론,학습도구어,3
이론적,학습도구어,4
이론화,학습도구어,5
이론화되다,학습도구어,6
이론화하다,학습도구어,5
이면,학습도구어,5
이상,학습도구어,4
이상성,학습도구어,6
이상화되다,학습도구어,4
이상화하다,학습도구어,5
이성,학습도구어,2
이성적,학습도구어,3
이외,학습도구어,3
이용,학습도구어,2
이용되다,학습도구어,2
이용성,학습도구어,6
이용하다,학습도구어,2
이차,학습도구어,3
이차원,학습도구어,4
이차적,학습도구어,4
이치,학습도구어,3
이해,학습도구어,2
이해되다,학습도구어,3
이해하다,학습도구어,3
이행되다,학습도구어,4
이행하다,학습도구어,3
인과,학습도구어,4
인과적,학습도구어,5
인식,학습도구어,2
인식되다,학습도구어,3
인식하다,학습도구어,3
인용,학습도구어,3
인용되다,학습도구어,3
인용문,학습도구어,4
인용하다,학습도구어,2
인위,학습도구어,4
인위적,학습도구어,3
인자,학습도구어,5
인접,학습도구어,4
인접되다,학습도구어,5
인정,학습도구어,3
인정되다,학습도구어,3
인정받다,학습도구어,3
인정하다,학습도구어,3
인지,학습도구어,5
인지되다,학습도구어,5
인지하다,학습도구어,5
인하다,학습도구어,4
일관,학습도구어,4
일관되다,학습도구어,4
일관성,학습도구어,4
일단,학습도구어,2
일련,학습도구어,4
일반,학습도구어,3
일반성,학습도구어,5
일반적,학습도구어,2
일반화,학습도구어,5
일반화되다,학습도구어,4
일반화하다,학습도구어,4
일부,학습도구어,2
일부분,학습도구어,3
일시,학습도구어,4
일시적,학습도구어,3
일정,학습도구어,2
일정하다,학습도구어,2
일차,학습도구어,3
일차원,학습도구어,4
일차적,학습도구어,4
일치,학습도구어,3
일치되다,학습도구어,3
일치하다,학습도구어,3
일환,학습도구어,4
임의,학습도구어,5
임의적,학습도구어,5
입각,학습도구어,4
입각하다,학습도구어,5
입력,학습도구어,4
입력되다,학습도구어,4
입력하다,학습도구어,4
입증,학습도구어,4
입증되다,학습도구어,5
입증하다,학습도구어,4
입체,학습도구어,4
입체적,학습도구어,3
자극,학습도구어,2
자극적,학습도구어,3
자극하다,학습도구어,4
자동,학습도구어,4
자동성,학습도구어,7
자동적,학습도구어,5
자동화,학습도구어,4
자동화되다,학습도구어,5
자동화하다,학습도구어,5
자료,학습도구어,2
자립,학습도구어,3
자립성,학습도구어,4
자립적,학습도구어,4
자명,학습도구어,5
자명하다,학습도구어,5
자발,학습도구어,4
자발성,학습도구어,5
자발적,학습도구어,3
자연,학습도구어,1
자연성,학습도구어,5
자연적,학습도구어,2
자율,학습도구어,4
자율성,학습도구어,4
자율적,학습도구어,4
자율화,학습도구어,4
자율화되다,학습도구어,4
자율화하다,학습도구어,4
자체,학습도구어,3
자체적,학습도구어,4
작성,학습도구어,3
작성되다,학습도구어,4
작성하다,학습도구어,3
작용,학습도구어,3
작용되다,학습도구어,4
작용점,학습도구어,6
작용하다,학습도구어,3
잠재,학습도구어,5
잠재력,학습도구어,5
잠재성,학습도구어,6
잠재적,학습도구어,4
잠정,학습도구어,5
잠정적,학습도구어,4
장기,학습도구어,4
장기간,학습도구어,4
장려,학습도구어,3
장려되다,학습도구어,4
장려하다,학습도구어,3
장면,학습도구어,2
장애,학습도구어,2
장점,학습도구어,3
재구성,학습도구어,5
재구성되다,학습도구어,4
재구성하다,학습도구어,5
재료,학습도구어,2
재분류,학습도구어,5
재분류되다,학습도구어,5
재분류하다,학습도구어,6
재출발,학습도구어,4
재출발하다,학습도구어,3
재확인,학습도구어,3
재확인되다,학습도구어,4
재확인하다,학습도구어,4
저하,학습도구어,5
저하되다,학습도구어,4
적극,학습도구어,3
적극성,학습도구어,5
적극적,학습도구어,3
적용,학습도구어,4
적용되다,학습도구어,3
적용하다,학습도구어,3
적응,학습도구어,3
적응되다,학습도구어,3
적응하다,학습도구어,3
적절,학습도구어,3
적절하다,학습도구어,3
적정,학습도구어,5
적정하다,학습도구어,5
적합,학습도구어,4
적합성,학습도구어,5
적합하다,학습도구어,3
전개,학습도구어,2
전개되다,학습도구어,2
전개하다,학습도구어,3
전달,학습도구어,2
전달되다,학습도구어,3
전달하다,학습도구어,3
전략,학습도구어,2
전략적,학습도구어,3
전망,학습도구어,4
전망되다,학습도구어,4
전면,학습도구어,4
전면적,학습도구어,3
전문,학습도구어,2
전문성,학습도구어,3
전문적,학습도구어,3
전문화,학습도구어,4
전문화되다,학습도구어,5
전문화하다,학습도구어,4
전반,학습도구어,4
전반적,학습도구어,3
전술,학습도구어,5
전술되다,학습도구어,6
전술하다,학습도구어,5
전이,학습도구어,5
전이되다,학습도구어,5
전이하다,학습도구어,5
전자,학습도구어,4
전제,학습도구어,4
전제되다,학습도구어,5
전제하다,학습도구어,5
전체,학습도구어,2
전체성,학습도구어,5
전체적,학습도구어,2
전파,학습도구어,3
전형,학습도구어,4
전형성,학습도구어,5
전형적,학습도구어,3
전형화,학습도구어,7
전형화되다,학습도구어,7
전형화하다,학습도구어,7
전환,학습도구어,4
전환되다,학습도구어,5
전환하다,학습도구어,4
절대,학습도구어,2
절대성,학습도구어,5
절대적,학습도구어,3
절실,학습도구어,3
절실하다,학습도구어,3
절차,학습도구어,3
점검,학습도구어,4
점검되다,학습도구어,5
점검하다,학습도구어,4
점진,학습도구어,6
점진적,학습도구어,4
점차,학습도구어,3
접근,학습도구어,4
접근되다,학습도구어,4
접근하다,학습도구어,3
접촉,학습도구어,3
접촉되다,학습도구어,4
접촉점,학습도구어,6
접촉하다,학습도구어,4
정교,학습도구어,4
정교하다,학습도구어,4
정기,학습도구어,3
정기적,학습도구어,3
정당,학습도구어,3
정당하다,학습도구어,3
정당화,학습도구어,4
정당화되다,학습도구어,4
정당화하다,학습도구어,3
정리,학습도구어,2
정리되다,학습도구어,3
정리하다,학습도구어,2
정립,학습도구어,4
정립되다,학습도구어,5
정립하다,학습도구어,4
정밀,학습도구어,3
정밀성,학습도구어,5
정밀하다,학습도구어,3
정보,학습도구어,2
정보화,학습도구어,4
정보화되다,학습도구어,4
정보화하다,학습도구어,4
정상,학습도구어,2
정상적,학습도구어,3
정서,학습도구어,2
정연,학습도구어,4
정의,학습도구어,4
정의되다,학습도구어,5
정의하다,학습도구어,4
정적,학습도구어,5
정점,학습도구어,4
정지,학습도구어,3
정지되다,학습도구어,3
정지하다,학습도구어,3
정확,학습도구어,2
정확성,학습도구어,3
정확하다,학습도구어,3
제각각,학습도구어,3
제거,학습도구어,4
제거되다,학습도구어,3
제거하다,학습도구어,3
제공,학습도구어,3
제공되다,학습도구어,3
제공하다,학습도구어,2
제기,학습도구어,4
제기되다,학습도구어,4
제기하다,학습도구어,4
제도,학습도구어,4
제도적,학습도구어,4
제도화,학습도구어,5
제도화되다,학습도구어,5
제반,학습도구어,5
제시,학습도구어,3
제시되다,학습도구어,3
제시하다,학습도구어,2
제안,학습도구어,3
제안되다,학습도구어,4
제안하다,학습도구어,3
제언,학습도구어,5
제외,학습도구어,4
제외되다,학습도구어,4
제외하다,학습도구어,3
제출,학습도구어,2
제출되다,학습도구어,3
제출하다,학습도구어,3
제한,학습도구어,2
제한되다,학습도구어,3
제한적,학습도구어,3
제한하다,학습도구어,3
조건,학습도구어,3
조건적,학습도구어,4
조망,학습도구어,5
조망하다,학습도구어,5
조명하다,학습도구어,3
조사,학습도구어,4
조사되다,학습도구어,2
조사하다,학습도구어,3
조성,학습도구어,4
조성되다,학습도구어,4
조성하다,학습도구어,4
조작,학습도구어,4
조작되다,학습도구어,4
조작적,학습도구어,6
조작하다,학습도구어,4
조장,학습도구어,5
조절,학습도구어,3
조절되다,학습도구어,4
조절하다,학습도구어,3
조정,학습도구어,3
조정되다,학습도구어,4
조종,학습도구어,3
조종되다,학습도구어,4
조종하다,학습도구어,3
조직,학습도구어,3
조직되다,학습도구어,3
조직적,학습도구어,3
조직하다,학습도구어,3
조직화,학습도구어,4
조직화되다,학습도구어,5
조직화하다,학습도구어,4
조치,학습도구어,4
조치하다,학습도구어,4
조합,학습도구어,4
조합되다,학습도구어,4
조합하다,학습도구어,3
조화,학습도구어,3
조화되다,학습도구어,3
조화하다,학습도구어,4
존재,학습도구어,3
존재성,학습도구어,5
존재하다,학습도구어,2
종류,학습도구어,2
종류별,학습도구어,3
종속,학습도구어,4
종속되다,학습도구어,5
종속적,학습도구어,4
종속하다,학습도구어,5
종합,학습도구어,3
종합되다,학습도구어,3
종합적,학습도구어,3
종합하다,학습도구어,3
주관,학습도구어,4
주관성,학습도구어,4
주관적,학습도구어,3
주되다,학습도구어,3
주목,학습도구어,3
주목하다,학습도구어,3
주변,학습도구어,2
주성분,학습도구어,3
주안,학습도구어,5
주안점,학습도구어,5
주요,학습도구어,2
주요하다,학습도구어,3
주의,학습도구어,3
주의력,학습도구어,3
주의하다,학습도구어,3
주장,학습도구어,2
주장되다,학습도구어,2
주장하다,학습도구어,3
주제,학습도구어,3
주지,학습도구어,4
주지하다,학습도구어,5
주체,학습도구어,3
주체성,학습도구어,3
주체적,학습도구어,3
준거,학습도구어,5
준비,학습도구어,1
준비되다,학습도구어,2
준비하다,학습도구어,1
준수,학습도구어,4
준수되다,학습도구어,5
중대,학습도구어,3
중대하다,학습도구어,3
중략,학습도구어,4
중복,학습도구어,4
중복되다,학습도구어,4
중시,학습도구어,4
중시되다,학습도구어,4
중시하다,학습도구어,3
중심,학습도구어,1
중심부,학습도구어,3
중심적,학습도구어,2
중요,학습도구어,2
중요성,학습도구어,2
중요시,학습도구어,5
중요시되다,학습도구어,4
중요시하다,학습도구어,4
중요하다,학습도구어,1
중점,학습도구어,4
즉각,학습도구어,4
즉각적,학습도구어,5
증가,학습도구어,3
증가되다,학습도구어,3
증가하다,학습도구어,2
증거,학습도구어,3
증대,학습도구어,4
증대되다,학습도구어,5
증대하다,학습도구어,4
증명,학습도구어,3
증명되다,학습도구어,4
증명하다,학습도구어,3
증진,학습도구어,3
증진되다,학습도구어,4
증진하다,학습도구어,3
지각,학습도구어,3
지각되다,학습도구어,4
지력,학습도구어,5
지성,학습도구어,3
지속,학습도구어,4
지속되다,학습도구어,3
지속성,학습도구어,5
지속적,학습도구어,3
지속하다,학습도구어,3
지시,학습도구어,2
지시되다,학습도구어,3
지시하다,학습도구어,3
지원,학습도구어,4
지적,학습도구어,4
지적되다,학습도구어,4
지적하다,학습도구어,3
지점,학습도구어,2
지정,학습도구어,3
지정되다,학습도구어,3
지정하다,학습도구어,3
지지,학습도구어,4
지지하다,학습도구어,3
지칭,학습도구어,4
지칭되다,학습도구어,5
지칭하다,학습도구어,4
지표,학습도구어,4
지향,학습도구어,5
지향점,학습도구어,5
지향하다,학습도구어,4
직결,학습도구어,4
직결되다,학습도구어,4
직면,학습도구어,4
직면하다,학습도구어,4
직시,학습도구어,5
직시하다,학습도구어,4
직접,학습도구어,2
직접성,학습도구어,5
직접적,학습도구어,3
직후,학습도구어,2
진단,학습도구어,4
진단되다,학습도구어,4
진단하다,학습도구어,4
진보,학습도구어,3
진보되다,학습도구어,4
진보성,학습도구어,5
진보적,학습도구어,4
진보하다,학습도구어,3
진술,학습도구어,4
진술되다,학습도구어,5
진술하다,학습도구어,4
진전,학습도구어,4
진전되다,학습도구어,4
진전하다,학습도구어,4
진행,학습도구어,2
진행되다,학습도구어,3
진행하다,학습도구어,3
질서,학습도구어,2
질적,학습도구어,3
집중,학습도구어,2
집중되다,학습도구어,3
집중력,학습도구어,4
집중적,학습도구어,3
집중하다,학습도구어,3
집중화,학습도구어,5
집중화되다,학습도구어,5
집중화하다,학습도구어,6
차별,학습도구어,2
차별되다,학습도구어,3
차별하다,학습도구어,3
차별화,학습도구어,5
차별화되다,학습도구어,6
차별화하다,학습도구어,6
차원,학습도구어,4
차이,학습도구어,2
차이점,학습도구어,2
착수,학습도구어,4
착수되다,학습도구어,4
착수하다,학습도구어,3
참고,학습도구어,2
참고되다,학습도구어,3
참고하다,학습도구어,3
참여,학습도구어,4
참여하다,학습도구어,3
참조,학습도구어,3
참조하다,학습도구어,4
창의,학습도구어,3
창의성,학습도구어,3
창의적,학습도구어,3
창조,학습도구어,2
창조되다,학습도구어,3
창조력,학습도구어,4
창조성,학습도구어,4
창조적,학습도구어,3
창조하다,학습도구어,3
창출,학습도구어,5
창출되다,학습도구어,5
창출하다,학습도구어,5
채택,학습도구어,4
채택되다,학습도구어,3
채택하다,학습도구어,3
처리,학습도구어,2
처리되다,학습도구어,3
처리하다,학습도구어,2
처치,학습도구어,5
처치되다,학습도구어,4
처치하다,학습도구어,4
척도,학습도구어,3
철저,학습도구어,4
철저하다,학습도구어,3
체계,학습도구어,4
체계성,학습도구어,5
체계적,학습도구어,3
체계화,학습도구어,5
체계화되다,학습도구어,5
체계화하다,학습도구어,5
체재,학습도구어,3
체제,학습도구어,4
초과,학습도구어,3
초과되다,학습도구어,4
초과하다,학습도구어,3
초기,학습도구어,3
초래,학습도구어,4
초래되다,학습도구어,4
초래하다,학습도구어,4
초록,학습도구어,4
초점,학습도구어,3
촉진,학습도구어,4
촉진되다,학습도구어,5
촉진하다,학습도구어,5
총괄,학습도구어,4
총괄되다,학습도구어,5
총괄하다,학습도구어,4
총체,학습도구어,5
총합,학습도구어,5
최고,학습도구어,2
최근,학습도구어,2
최대,학습도구어,3
최대한,학습도구어,3
최소,학습도구어,4
최소한,학습도구어,3
최종,학습도구어,3
최종적,학습도구어,3
최초,학습도구어,3
추가,학습도구어,4
추가되다,학습도구어,4
추가하다,학습도구어,3
추구,학습도구어,5
추구하다,학습도구어,4
추론,학습도구어,4
추론적,학습도구어,5
추론하다,학습도구어,4
추리,학습도구어,3
추리되다,학습도구어,4
추리하다,학습도구어,4
추상,학습도구어,4
추상적,학습도구어,3
추상화되다,학습도구어,5
추상화하다,학습도구어,5
추세,학습도구어,4
추적,학습도구어,4
추적하다,학습도구어,4
추정,학습도구어,4
추정되다,학습도구어,5
추정하다,학습도구어,4
추진,학습도구어,3
추진되다,학습도구어,3
추진하다,학습도구어,2
추출,학습도구어,5
추출되다,학습도구어,5
추출하다,학습도구어,5
추측,학습도구어,4
추측되다,학습도구어,4
추측하다,학습도구어,3
축소,학습도구어,3
축소되다,학습도구어,3
축소하다,학습도구어,3
축적,학습도구어,4
축적되다,학습도구어,4
축적하다,학습도구어,5
출발,학습도구어,1
출발되다,학습도구어,4
출발점,학습도구어,3
출발하다,학습도구어,1
출연하다,학습도구어,3
출처,학습도구어,4
출현,학습도구어,4
출현되다,학습도구어,5
충분,학습도구어,2
충분하다,학습도구어,2
충족,학습도구어,4
충족되다,학습도구어,5
충족하다,학습도구어,5
취급,학습도구어,2
취급되다,학습도구어,3
취급하다,학습도구어,3
취지,학습도구어,4
취하다,학습도구어,3
측면,학습도구어,4
측정,학습도구어,3
측정되다,학습도구어,4
측정하다,학습도구어,3
층위,학습도구어,5
치밀,학습도구어,3
치밀하다,학습도구어,3
치열,학습도구어,4
치열하다,학습도구어,3
친환경적,학습도구어,4
타당,학습도구어,3
타당성,학습도구어,4
타당하다,학습도구어,3
탁월,학습도구어,4
탁월하다,학습도구어,4
탈피,학습도구어,4
탈피되다,학습도구어,4
탈피하다,학습도구어,4
탐구,학습도구어,3
탐구되다,학습도구어,4
탐구력,학습도구어,4
탐구심,학습도구어,2
탐구하다,학습도구어,3
탐색,학습도구어,3
탐색하다,학습도구어,3
토대,학습도구어,4
통계,학습도구어,3
통과,학습도구어,3
통과되다,학습도구어,4
통과하다,학습도구어,3
통로,학습도구어,3
통일,학습도구어,3
통일되다,학습도구어,3
통일성,학습도구어,4
통일체,학습도구어,5
통일하다,학습도구어,3
통제,학습도구어,3
통제되다,학습도구어,3
통제력,학습도구어,5
통제하다,학습도구어,3
통찰,학습도구어,5
통찰력,학습도구어,4
통찰하다,학습도구어,4
통합,학습도구어,4
통합되다,학습도구어,4
통합성,학습도구어,5
통합적,학습도구어,4
통합하다,학습도구어,3
특성,학습도구어,2
특수,학습도구어,4
특수하다,학습도구어,4
특이,학습도구어,4
특이점,학습도구어,5
특이하다,학습도구어,2
특정,학습도구어,4
특질,학습도구어,4
특징,학습도구어,2
특징적,학습도구어,3
파생,학습도구어,4
파생되다,학습도구어,4
파생적,학습도구어,5
파생하다,학습도구어,4
파악,학습도구어,3
파악되다,학습도구어,3
파악하다,학습도구어,2
판단,학습도구어,2
판단되다,학습도구어,3
판단력,학습도구어,3
판단하다,학습도구어,2
평가,학습도구어,2
평가되다,학습도구어,3
평가하다,학습도구어,3
평균,학습도구어,2
평균적,학습도구어,4
포괄,학습도구어,5
포괄되다,학습도구어,5
포괄적,학습도구어,5
포괄하다,학습도구어,4
포함,학습도구어,3
포함되다,학습도구어,3
포함하다,학습도구어,3
표기,학습도구어,4
표기되다,학습도구어,4
표기하다,학습도구어,4
표면,학습도구어,3
표면화,학습도구어,5
표시,학습도구어,4
표시되다,학습도구어,3
표시하다,학습도구어,2
표준,학습도구어,2
표준성,학습도구어,7
표준적,학습도구어,3
표준화,학습도구어,4
표현,학습도구어,1
표현되다,학습도구어,2
표현적,학습도구어,4
표현하다,학습도구어,2
풍부,학습도구어,3
풍부하다,학습도구어,3
필수,학습도구어,4
필수적,학습도구어,3
필연,학습도구어,4
필연적,학습도구어,3
필요,학습도구어,1
필요성,학습도구어,3
필요하다,학습도구어,1
하부,학습도구어,4
하위,학습도구어,4
학문,학습도구어,2
학문적,학습도구어,2
학설,학습도구어,4
학술,학습도구어,3
한계,학습도구어,2
한계성,학습도구어,5
한계점,학습도구어,6
한정,학습도구어,4
한정되다,학습도구어,3
한정하다,학습도구어,3
함의,학습도구어,5
합계,학습도구어,3
합리,학습도구어,4
합리성,학습도구어,5
합리적,학습도구어,3
합리화,학습도구어,4
합리화되다,학습도구어,5
합리화하다,학습도구어,4
합성,학습도구어,2
합성되다,학습도구어,3
합성하다,학습도구어,3
합의,학습도구어,4
합의되다,학습도구어,5
합의하다,학습도구어,4
항목,학습도구어,3
해결,학습도구어,2
해결되다,학습도구어,3
해결책,학습도구어,4
해결하다,학습도구어,2
해답,학습도구어,3
해당,학습도구어,3
해당되다,학습도구어,3
해당하다,학습도구어,2
해석되다,학습도구어,4
해소,학습도구어,4
해소되다,학습도구어,4
해소하다,학습도구어,4
핵심,학습도구어,2
핵심적,학습도구어,3
행하다,학습도구어,2
향상,학습도구어,3
향상되다,학습도구어,3
향상하다,학습도구어,4
허용,학습도구어,3
허용되다,학습도구어,3
허용하다,학습도구어,3
현대,학습도구어,3
현대성,학습도구어,5
현대적,학습도구어,3
현대화,학습도구어,4
현대화되다,학습도구어,4
현대화하다,학습도구어,5
현상,학습도구어,4
현실,학습도구어,2
현실성,학습도구어,4
현실적,학습도구어,2
현실화,학습도구어,5
현실화되다,학습도구어,5
현실화하다,학습도구어,4
현장,학습도구어,4
현저,학습도구어,4
현저하다,학습도구어,4
현황,학습도구어,4
협력,학습도구어,2
협력하다,학습도구어,3
형상,학습도구어,4
형상성,학습도구어,7
형상화,학습도구어,4
형상화되다,학습도구어,5
형상화하다,학습도구어,5
형성,학습도구어,3
형성되다,학습도구어,4
형성하다,학습도구어,4
형식,학습도구어,2
형식적,학습도구어,3
형식화,학습도구어,5
형식화되다,학습도구어,5
형식화하다,학습도구어,5
형태,학습도구어,3
혼란,학습도구어,2
혼란스럽다,학습도구어,3
혼합,학습도구어,3
혼합되다,학습도구어,3
혼합하다,학습도구어,4
확고,학습도구어,4
확고하다,학습도구어,4
확대,학습도구어,3
확대되다,학습도구어,3
확대하다,학습도구어,3
확률,학습도구어,4
확립,학습도구어,4
확립되다,학습도구어,4
확립하다,학습도구어,4
확보,학습도구어,4
확보되다,학습도구어,5
확보하다,학습도구어,4
확산,학습도구어,4
확산되다,학습도구어,5
확산하다,학습도구어,4
확실,학습도구어,2
확실하다,학습도구어,2
확인,학습도구어,3
확인되다,학습도구어,3
확인하다,학습도구어,2
확장,학습도구어,3
확장되다,학습도구어,3
확장하다,학습도구어,3
확정,학습도구어,4
확정되다,학습도구어,3
확정하다,학습도구어,4
확충,학습도구어,5
확충되다,학습도구어,5
확충하다,학습도구어,5
환경,학습도구어,2
환경적,학습도구어,2
활동,학습도구어,1
활동성,학습도구어,5
활동적,학습도구어,2
활동하다,학습도구어,2
활발,학습도구어,2
활발하다,학습도구어,2
활성화,학습도구어,5
활성화되다,학습도구어,5
활성화하다,학습도구어,5
활용,학습도구어,3
활용되다,학습도구어,3
활용하다,학습도구어,3
회복,학습도구어,2
회복되다,학습도구어,3
회복하다,학습도구어,3
획기적,학습도구어,3
획득,학습도구어,3
획득되다,학습도구어,4
획득하다,학습도구어,3
효과,학습도구어,2
효과적,학습도구어,2
효용,학습도구어,4
효율,학습도구어,4
효율성,학습도구어,5
효율적,학습도구어,3
후반,학습도구어,4
후자,학습도구어,4
흡수,학습도구어,2
흡수되다,학습도구어,3
흡수성,학습도구어,6
흡수하다,학습도구어,3
